insert into `user`(id, name, `password`) values(1, 'jos', '$2a$10$WPKf1kCoVBgGF.VllXL7Ie8AMmix0uOGJd8fzT695mHuZfMp/P7Me');
insert into `user`(id, name, `password`) values(2, 'marcel', '$2a$10$vvzCHeyorwJ3lJ1hSULkxuAwjMrfwwwL.NblKIU5eSZLH87xBHfpq');

insert into tag(id, name) values(1, 'lifestyle');
insert into tag(id, name) values(2, 'entertainment');
insert into tag(id, name) values(3, 'technology');

insert into blog_entry(id, subject, message, date_time, user_id) values(1, 'Naar de bakker geweest',
                                                                        'Lorem ipsum dolor sit amet, consectetur adipiscing elit. Maecenas ultricies odio eget nulla tincidunt, non imperdiet nisl tristique. Praesent at eleifend arcu, blandit interdum diam. Maecenas est ipsum, varius a pulvinar eu, bibendum quis sem. Nam interdum maximus nisl, vel ullamcorper lacus sodales quis. Aliquam erat volutpat. Sed id tempor ante. In porta at ante molestie consequat. Quisque ullamcorper turpis neque, sit amet ultrices dolor tincidunt vel. Sed convallis dapibus iaculis. Vestibulum feugiat efficitur consectetur.'
                                                                        || 'Nulla commodo odio egestas enim aliquet laoreet. Curabitur eget congue enim, id pulvinar eros. Interdum et malesuada fames ac ante ipsum primis in faucibus. Nam sit amet eros congue, condimentum lacus quis, venenatis sapien. Morbi blandit lacus arcu. Phasellus sit amet orci ac diam condimentum venenatis non quis justo. Morbi tempor odio sit amet turpis dictum, eget mollis ante blandit. Nam auctor a felis quis porta. Fusce pharetra, magna blandit varius tristique, quam arcu placerat ligula, a pulvinar nulla urna at ligula. Donec vulputate dui placerat, hendrerit turpis et, porttitor velit. Nunc sodales venenatis turpis, eu tempor nibh.'
                                                                        || 'Quisque sit amet aliquam urna, sed iaculis nisl. Vestibulum a volutpat turpis. Suspendisse metus orci, scelerisque in tincidunt et, convallis vitae est. Cras in eros at magna tristique tempor a fringilla tortor. Phasellus fringilla malesuada efficitur. Donec vel pulvinar mi. Praesent et dui ultrices, rutrum lacus eget, tincidunt dolor. Mauris diam sapien, scelerisque ac tellus eu, posuere lobortis nisi. Nulla sagittis diam dui, ut dignissim ipsum luctus at.', '2017-09-24 16:04:00', 1);
insert into blog_entry(id, subject, message, date_time, user_id) values(2, 'Netflix gekeken',
                                                                        'Lorem ipsum dolor sit amet, consectetur adipiscing elit. Maecenas ultricies odio eget nulla tincidunt, non imperdiet nisl tristique. Praesent at eleifend arcu, blandit interdum diam. Maecenas est ipsum, varius a pulvinar eu, bibendum quis sem. Nam interdum maximus nisl, vel ullamcorper lacus sodales quis. Aliquam erat volutpat. Sed id tempor ante. In porta at ante molestie consequat. Quisque ullamcorper turpis neque, sit amet ultrices dolor tincidunt vel. Sed convallis dapibus iaculis. Vestibulum feugiat efficitur consectetur.'
                                                                        || 'Nulla commodo odio egestas enim aliquet laoreet. Curabitur eget congue enim, id pulvinar eros. Interdum et malesuada fames ac ante ipsum primis in faucibus. Nam sit amet eros congue, condimentum lacus quis, venenatis sapien. Morbi blandit lacus arcu. Phasellus sit amet orci ac diam condimentum venenatis non quis justo. Morbi tempor odio sit amet turpis dictum, eget mollis ante blandit. Nam auctor a felis quis porta. Fusce pharetra, magna blandit varius tristique, quam arcu placerat ligula, a pulvinar nulla urna at ligula. Donec vulputate dui placerat, hendrerit turpis et, porttitor velit. Nunc sodales venenatis turpis, eu tempor nibh.'
                                                                        || 'Quisque sit amet aliquam urna, sed iaculis nisl. Vestibulum a volutpat turpis. Suspendisse metus orci, scelerisque in tincidunt et, convallis vitae est. Cras in eros at magna tristique tempor a fringilla tortor. Phasellus fringilla malesuada efficitur. Donec vel pulvinar mi. Praesent et dui ultrices, rutrum lacus eget, tincidunt dolor. Mauris diam sapien, scelerisque ac tellus eu, posuere lobortis nisi. Nulla sagittis diam dui, ut dignissim ipsum luctus at.', '2017-09-25 12:06:00', 1);
insert into blog_entry(id, subject, message, date_time, user_id) values(3, 'Android app gemaakt',
                                                                        'Lorem ipsum dolor sit amet, consectetur adipiscing elit. Maecenas ultricies odio eget nulla tincidunt, non imperdiet nisl tristique. Praesent at eleifend arcu, blandit interdum diam. Maecenas est ipsum, varius a pulvinar eu, bibendum quis sem. Nam interdum maximus nisl, vel ullamcorper lacus sodales quis. Aliquam erat volutpat. Sed id tempor ante. In porta at ante molestie consequat. Quisque ullamcorper turpis neque, sit amet ultrices dolor tincidunt vel. Sed convallis dapibus iaculis. Vestibulum feugiat efficitur consectetur.'
                                                                        || 'Nulla commodo odio egestas enim aliquet laoreet. Curabitur eget congue enim, id pulvinar eros. Interdum et malesuada fames ac ante ipsum primis in faucibus. Nam sit amet eros congue, condimentum lacus quis, venenatis sapien. Morbi blandit lacus arcu. Phasellus sit amet orci ac diam condimentum venenatis non quis justo. Morbi tempor odio sit amet turpis dictum, eget mollis ante blandit. Nam auctor a felis quis porta. Fusce pharetra, magna blandit varius tristique, quam arcu placerat ligula, a pulvinar nulla urna at ligula. Donec vulputate dui placerat, hendrerit turpis et, porttitor velit. Nunc sodales venenatis turpis, eu tempor nibh.'
                                                                        || 'Quisque sit amet aliquam urna, sed iaculis nisl. Vestibulum a volutpat turpis. Suspendisse metus orci, scelerisque in tincidunt et, convallis vitae est. Cras in eros at magna tristique tempor a fringilla tortor. Phasellus fringilla malesuada efficitur. Donec vel pulvinar mi. Praesent et dui ultrices, rutrum lacus eget, tincidunt dolor. Mauris diam sapien, scelerisque ac tellus eu, posuere lobortis nisi. Nulla sagittis diam dui, ut dignissim ipsum luctus at.', '2017-09-26 11:59:00', 2);

insert into blog_entry_tag(blog_entry_id, tag_id) values(1, 1);
insert into blog_entry_tag(blog_entry_id, tag_id) values(1, 2);
insert into blog_entry_tag(blog_entry_id, tag_id) values(2, 2);
insert into blog_entry_tag(blog_entry_id, tag_id) values(3, 3);
